{
    "rmse": 0.6767762638175887,
    "mae": 0.540268873454923,
    "r2": 0.2565642627166814
}